Date,day,hourly_counts,id,mdate,month,sensor_id,sensor_name,year
2019-11-01,Friday,300,2887628,1,November,34,Flinders St-Spark La,2019
2019-11-01,Friday,604,2887629,1,November,39,Alfred Place,2019
2019-11-01,Friday,216,2887630,1,November,37,Lygon St (East),2019
2019-11-01,Friday,627,2887631,1,November,40,Lonsdale St-Spring St (West),2019
2019-11-01,Friday,774,2887632,1,November,36,Queen St (West),2019
2019-11-01,Friday,644,2887633,1,November,29,St Kilda Rd-Alexandra Gardens,2019
2019-11-01,Friday,453,2887634,1,November,42,Grattan St-Swanston St (West),2019
2019-11-01,Friday,387,2887635,1,November,43,Monash Rd-Swanston St (West),2019
2019-11-01,Friday,27,2887636,1,November,44,Tin Alley-Swanston St (West),2019
2019-11-01,Friday,2691,2887637,1,November,35,Southbank,2019
2019-11-01,Friday,2173,2887638,1,November,45,Little Collins St-Swanston St (East),2019
2019-11-01,Friday,203,2887639,1,November,46,Pelham St (S),2019
2019-11-01,Friday,2354,2887640,1,November,47,Melbourne Central-Elizabeth St (East),2019
2019-11-01,Friday,358,2887641,1,November,48,QVM-Queen St (East),2019
2019-11-01,Friday,161,2887642,1,November,49,QVM-Therry St (South),2019
2019-11-01,Friday,502,2887643,1,November,50,Faraday St-Lygon St (West),2019
2019-11-01,Friday,159,2887644,1,November,51,QVM-Franklin St (North),2019
2019-11-01,Friday,914,2887645,1,November,52,Elizabeth St-Lonsdale St (South),2019
2019-11-01,Friday,276,2887646,1,November,54,Lincoln-Swanston(West),2019
2019-11-01,Friday,2070,2887647,1,November,55,Elizabeth St-La Trobe St (East),2019
2019-11-01,Friday,789,2887648,1,November,56,Lonsdale St - Elizabeth St (North),2019
2019-11-01,Friday,2122,2887649,1,November,57,Bourke St Bridge,2019
2019-11-01,Friday,2528,2887650,1,November,58,Bourke St - Spencer St (North),2019
2019-11-01,Friday,485,2887651,1,November,59,Swanston St - RMIT Building 80,2019
2019-11-01,Friday,1240,2887652,1,November,61,Swanston St - RMIT Building 14,2019
2019-11-01,Friday,229,2887653,1,November,62,La Trobe St (North),2019
2019-11-01,Friday,2950,2887654,1,November,4,Town Hall (West),2019
2019-11-01,Friday,646,2887655,1,November,17,Collins Place (South),2019
2019-11-01,Friday,626,2887656,1,November,18,Collins Place (North),2019
2019-11-01,Friday,1153,2887657,1,November,53,Collins St (North),2019
2019-11-01,Friday,2226,2887658,1,November,2,Bourke Street Mall (South),2019
2019-11-01,Friday,3183,2887659,1,November,1,Bourke Street Mall (North),2019
2019-11-01,Friday,2802,2887660,1,November,3,Melbourne Central,2019
2019-11-01,Friday,1904,2887661,1,November,15,State Library,2019
2019-11-01,Friday,1310,2887662,1,November,9,Southern Cross Station,2019
2019-11-01,Friday,147,2887663,1,November,10,Victoria Point,2019
2019-11-01,Friday,424,2887664,1,November,12,New Quay,2019
2019-11-01,Friday,90,2887665,1,November,11,Waterfront City,2019
2019-11-01,Friday,301,2887666,1,November,8,Webb Bridge,2019
2019-11-01,Friday,1010,2887667,1,November,7,Birrarung Marr,2019
2019-11-01,Friday,3084,2887668,1,November,5,Princes Bridge,2019
2019-11-01,Friday,3462,2887669,1,November,6,Flinders Street Station Underpass,2019
2019-11-01,Friday,43,2887670,1,November,14,Sandridge Bridge,2019
2019-11-01,Friday,744,2887671,1,November,26,QV Market-Elizabeth St (West),2019
2019-11-01,Friday,2552,2887672,1,November,24,Spencer St-Collins St (North),2019
2019-11-01,Friday,496,2887673,1,November,23,Spencer St-Collins St (South),2019
2019-11-01,Friday,2355,2887674,1,November,25,Melbourne Convention Exhibition Centre,2019
2019-11-01,Friday,1071,2887675,1,November,21,Bourke St-Russell St (West),2019
2019-11-01,Friday,816,2887676,1,November,20,Chinatown-Lt Bourke St (South),2019
2019-11-01,Friday,1362,2887677,1,November,19,Chinatown-Swanston St (North),2019
2019-11-01,Friday,3005,2887678,1,November,22,Flinders St-Elizabeth St (East),2019
2019-11-01,Friday,159,2887679,1,November,27,QV Market-Peel St,2019
2019-11-01,Friday,1565,2887680,1,November,28,The Arts Centre,2019
2019-11-01,Friday,418,2887681,1,November,31,Lygon St (West),2019
2019-11-01,Friday,1129,2887682,1,November,30,Lonsdale St (South),2019
2019-11-01,Friday,240,2887683,1,November,34,Flinders St-Spark La,2019
2019-11-01,Friday,384,2887684,1,November,39,Alfred Place,2019
2019-11-01,Friday,210,2887685,1,November,37,Lygon St (East),2019
2019-11-01,Friday,387,2887686,1,November,40,Lonsdale St-Spring St (West),2019
2019-11-01,Friday,496,2887687,1,November,36,Queen St (West),2019
2019-11-01,Friday,754,2887688,1,November,29,St Kilda Rd-Alexandra Gardens,2019
2019-11-01,Friday,447,2887689,1,November,42,Grattan St-Swanston St (West),2019
2019-11-01,Friday,145,2887690,1,November,43,Monash Rd-Swanston St (West),2019
2019-11-01,Friday,25,2887691,1,November,44,Tin Alley-Swanston St (West),2019
2019-11-01,Friday,2292,2887692,1,November,35,Southbank,2019
2019-11-01,Friday,1927,2887693,1,November,45,Little Collins St-Swanston St (East),2019
2019-11-01,Friday,201,2887694,1,November,46,Pelham St (S),2019
2019-11-01,Friday,1933,2887695,1,November,47,Melbourne Central-Elizabeth St (East),2019
2019-11-01,Friday,273,2887696,1,November,48,QVM-Queen St (East),2019
2019-11-01,Friday,150,2887697,1,November,49,QVM-Therry St (South),2019
2019-11-01,Friday,624,2887698,1,November,50,Faraday St-Lygon St (West),2019
2019-11-01,Friday,181,2887699,1,November,51,QVM-Franklin St (North),2019
2019-11-01,Friday,806,2887700,1,November,52,Elizabeth St-Lonsdale St (South),2019
2019-11-01,Friday,178,2887701,1,November,54,Lincoln-Swanston(West),2019
2019-11-01,Friday,1972,2887702,1,November,55,Elizabeth St-La Trobe St (East),2019
2019-11-01,Friday,598,2887703,1,November,56,Lonsdale St - Elizabeth St (North),2019
2019-11-01,Friday,870,2887704,1,November,57,Bourke St Bridge,2019
2019-11-01,Friday,1499,2887705,1,November,58,Bourke St - Spencer St (North),2019
2019-11-01,Friday,396,2887706,1,November,59,Swanston St - RMIT Building 80,2019
2019-11-01,Friday,1080,2887707,1,November,61,Swanston St - RMIT Building 14,2019
2019-11-01,Friday,262,2887708,1,November,62,La Trobe St (North),2019
2019-11-01,Friday,2345,2887709,1,November,4,Town Hall (West),2019
2019-11-01,Friday,367,2887710,1,November,17,Collins Place (South),2019
2019-11-01,Friday,294,2887711,1,November,18,Collins Place (North),2019
2019-11-01,Friday,784,2887712,1,November,53,Collins St (North),2019
2019-11-01,Friday,1639,2887713,1,November,2,Bourke Street Mall (South),2019
2019-11-01,Friday,2533,2887714,1,November,1,Bourke Street Mall (North),2019
2019-11-01,Friday,2512,2887715,1,November,3,Melbourne Central,2019
2019-11-01,Friday,1562,2887716,1,November,15,State Library,2019
2019-11-01,Friday,522,2887717,1,November,9,Southern Cross Station,2019
2019-11-01,Friday,126,2887718,1,November,10,Victoria Point,2019
2019-11-01,Friday,385,2887719,1,November,12,New Quay,2019
2019-11-01,Friday,123,2887720,1,November,11,Waterfront City,2019
2019-11-01,Friday,221,2887721,1,November,8,Webb Bridge,2019
2019-11-01,Friday,436,2887722,1,November,7,Birrarung Marr,2019
2019-11-01,Friday,2530,2887723,1,November,5,Princes Bridge,2019
2019-11-01,Friday,2467,2887724,1,November,6,Flinders Street Station Underpass,2019
2019-11-01,Friday,38,2887725,1,November,14,Sandridge Bridge,2019
2019-11-01,Friday,698,2887726,1,November,26,QV Market-Elizabeth St (West),2019
2019-11-01,Friday,1566,2887727,1,November,24,Spencer St-Collins St (North),2019
2019-11-01,Friday,235,2887728,1,November,23,Spencer St-Collins St (South),2019
2019-11-01,Friday,1741,2887729,1,November,25,Melbourne Convention Exhibition Centre,2019
2019-11-01,Friday,1117,2887730,1,November,21,Bourke St-Russell St (West),2019
2019-11-01,Friday,1013,2887731,1,November,20,Chinatown-Lt Bourke St (South),2019
2019-11-01,Friday,1404,2887732,1,November,19,Chinatown-Swanston St (North),2019
2019-11-01,Friday,2647,2887733,1,November,22,Flinders St-Elizabeth St (East),2019
2019-11-01,Friday,187,2887734,1,November,27,QV Market-Peel St,2019
2019-11-01,Friday,1342,2887735,1,November,28,The Arts Centre,2019
2019-11-01,Friday,512,2887736,1,November,31,Lygon St (West),2019
2019-11-01,Friday,1184,2887737,1,November,30,Lonsdale St (South),2019
2019-11-01,Friday,158,2887738,1,November,34,Flinders St-Spark La,2019
2019-11-01,Friday,289,2887739,1,November,39,Alfred Place,2019
2019-11-01,Friday,293,2887740,1,November,37,Lygon St (East),2019
2019-11-01,Friday,384,2887741,1,November,40,Lonsdale St-Spring St (West),2019
2019-11-01,Friday,420,2887742,1,November,36,Queen St (West),2019
2019-11-01,Friday,502,2887743,1,November,29,St Kilda Rd-Alexandra Gardens,2019
2019-11-01,Friday,303,2887744,1,November,42,Grattan St-Swanston St (West),2019
2019-11-01,Friday,42,2887745,1,November,43,Monash Rd-Swanston St (West),2019
2019-11-01,Friday,41,2887746,1,November,44,Tin Alley-Swanston St (West),2019
2019-11-01,Friday,2058,2887747,1,November,35,Southbank,2019
2019-11-01,Friday,1647,2887748,1,November,45,Little Collins St-Swanston St (East),2019
2019-11-01,Friday,134,2887749,1,November,46,Pelham St (S),2019
2019-11-01,Friday,1600,2887750,1,November,47,Melbourne Central-Elizabeth St (East),2019
2019-11-01,Friday,256,2887751,1,November,48,QVM-Queen St (East),2019
2019-11-01,Friday,190,2887752,1,November,49,QVM-Therry St (South),2019
2019-11-01,Friday,572,2887753,1,November,50,Faraday St-Lygon St (West),2019
2019-11-01,Friday,184,2887754,1,November,51,QVM-Franklin St (North),2019
2019-11-01,Friday,773,2887755,1,November,52,Elizabeth St-Lonsdale St (South),2019
2019-11-01,Friday,182,2887756,1,November,54,Lincoln-Swanston(West),2019
2019-11-01,Friday,1748,2887757,1,November,55,Elizabeth St-La Trobe St (East),2019
2019-11-01,Friday,569,2887758,1,November,56,Lonsdale St - Elizabeth St (North),2019
2019-11-01,Friday,379,2887759,1,November,57,Bourke St Bridge,2019
2019-11-01,Friday,953,2887760,1,November,58,Bourke St - Spencer St (North),2019
2019-11-01,Friday,179,2887761,1,November,59,Swanston St - RMIT Building 80,2019
2019-11-01,Friday,832,2887762,1,November,61,Swanston St - RMIT Building 14,2019
2019-11-01,Friday,280,2887763,1,November,62,La Trobe St (North),2019
2019-11-01,Friday,2051,2887764,1,November,4,Town Hall (West),2019
2019-11-01,Friday,320,2887765,1,November,17,Collins Place (South),2019
2019-11-01,Friday,182,2887766,1,November,18,Collins Place (North),2019
2019-11-01,Friday,589,2887767,1,November,53,Collins St (North),2019
2019-11-01,Friday,1204,2887768,1,November,2,Bourke Street Mall (South),2019
2019-11-01,Friday,2070,2887769,1,November,1,Bourke Street Mall (North),2019
2019-11-01,Friday,2822,2887770,1,November,3,Melbourne Central,2019
2019-11-01,Friday,1444,2887771,1,November,15,State Library,2019
2019-11-01,Friday,277,2887772,1,November,9,Southern Cross Station,2019
2019-11-01,Friday,142,2887773,1,November,10,Victoria Point,2019
2019-11-01,Friday,476,2887774,1,November,12,New Quay,2019
2019-11-01,Friday,154,2887775,1,November,11,Waterfront City,2019
2019-11-01,Friday,204,2887776,1,November,8,Webb Bridge,2019
2019-11-01,Friday,203,2887777,1,November,7,Birrarung Marr,2019
2019-11-01,Friday,1882,2887778,1,November,5,Princes Bridge,2019
2019-11-01,Friday,2097,2887779,1,November,6,Flinders Street Station Underpass,2019
2019-11-01,Friday,25,2887780,1,November,14,Sandridge Bridge,2019
2019-11-01,Friday,672,2887781,1,November,26,QV Market-Elizabeth St (West),2019
2019-11-01,Friday,1043,2887782,1,November,24,Spencer St-Collins St (North),2019
2019-11-01,Friday,200,2887783,1,November,23,Spencer St-Collins St (South),2019
2019-11-01,Friday,1652,2887784,1,November,25,Melbourne Convention Exhibition Centre,2019
2019-11-01,Friday,997,2887785,1,November,21,Bourke St-Russell St (West),2019
2019-11-01,Friday,974,2887786,1,November,20,Chinatown-Lt Bourke St (South),2019
2019-11-01,Friday,1362,2887787,1,November,19,Chinatown-Swanston St (North),2019
2019-11-01,Friday,2314,2887788,1,November,22,Flinders St-Elizabeth St (East),2019
2019-11-01,Friday,135,2887789,1,November,27,QV Market-Peel St,2019
2019-11-01,Friday,594,2887790,1,November,28,The Arts Centre,2019
2019-11-01,Friday,687,2887791,1,November,31,Lygon St (West),2019
2019-11-01,Friday,1064,2887792,1,November,30,Lonsdale St (South),2019
2019-11-01,Friday,118,2887793,1,November,34,Flinders St-Spark La,2019
2019-11-01,Friday,158,2887794,1,November,39,Alfred Place,2019
2019-11-01,Friday,325,2887795,1,November,37,Lygon St (East),2019
2019-11-01,Friday,245,2887796,1,November,40,Lonsdale St-Spring St (West),2019
2019-11-01,Friday,367,2887797,1,November,36,Queen St (West),2019
2019-09-29,Sunday,418,2844936,29,September,7,Birrarung Marr,2019
2019-11-01,Friday,299,2887798,1,November,29,St Kilda Rd-Alexandra Gardens,2019
2019-11-01,Friday,198,2887799,1,November,42,Grattan St-Swanston St (West),2019
2019-11-01,Friday,27,2887800,1,November,43,Monash Rd-Swanston St (West),2019
2019-11-01,Friday,42,2887801,1,November,44,Tin Alley-Swanston St (West),2019
2019-11-01,Friday,1695,2887802,1,November,35,Southbank,2019
2019-11-01,Friday,1471,2887803,1,November,45,Little Collins St-Swanston St (East),2019
2019-11-01,Friday,132,2887804,1,November,46,Pelham St (S),2019
2019-11-01,Friday,1414,2887805,1,November,47,Melbourne Central-Elizabeth St (East),2019
2019-11-01,Friday,186,2887806,1,November,48,QVM-Queen St (East),2019
2019-11-01,Friday,100,2887807,1,November,49,QVM-Therry St (South),2019
2019-11-01,Friday,605,2887808,1,November,50,Faraday St-Lygon St (West),2019
2019-11-01,Friday,151,2887809,1,November,51,QVM-Franklin St (North),2019
2019-11-01,Friday,693,2887810,1,November,52,Elizabeth St-Lonsdale St (South),2019
2019-11-01,Friday,216,2887811,1,November,54,Lincoln-Swanston(West),2019
2019-11-01,Friday,1673,2887812,1,November,55,Elizabeth St-La Trobe St (East),2019
2019-11-01,Friday,560,2887813,1,November,56,Lonsdale St - Elizabeth St (North),2019
2019-11-01,Friday,249,2887814,1,November,57,Bourke St Bridge,2019
2019-11-01,Friday,662,2887815,1,November,58,Bourke St - Spencer St (North),2019
2019-11-01,Friday,11,2887816,1,November,59,Swanston St - RMIT Building 80,2019
2019-11-01,Friday,741,2887817,1,November,61,Swanston St - RMIT Building 14,2019
2019-11-01,Friday,273,2887818,1,November,62,La Trobe St (North),2019
2019-11-01,Friday,1715,2887819,1,November,4,Town Hall (West),2019
2019-11-01,Friday,191,2887820,1,November,17,Collins Place (South),2019
2019-11-01,Friday,145,2887821,1,November,18,Collins Place (North),2019
2019-11-01,Friday,485,2887822,1,November,53,Collins St (North),2019
2019-11-01,Friday,588,2887823,1,November,2,Bourke Street Mall (South),2019
2019-11-01,Friday,1450,2887824,1,November,1,Bourke Street Mall (North),2019
2019-11-01,Friday,2662,2887825,1,November,3,Melbourne Central,2019
2019-11-01,Friday,1267,2887826,1,November,15,State Library,2019
2019-11-01,Friday,167,2887827,1,November,9,Southern Cross Station,2019
2019-11-01,Friday,76,2887828,1,November,10,Victoria Point,2019
2019-11-01,Friday,462,2887829,1,November,12,New Quay,2019
2019-11-01,Friday,109,2887830,1,November,11,Waterfront City,2019
2019-11-01,Friday,132,2887831,1,November,8,Webb Bridge,2019
2019-11-01,Friday,239,2887832,1,November,7,Birrarung Marr,2019
2019-11-01,Friday,2739,2887833,1,November,5,Princes Bridge,2019
2019-11-01,Friday,2006,2887834,1,November,6,Flinders Street Station Underpass,2019
2019-11-01,Friday,13,2887835,1,November,14,Sandridge Bridge,2019
2019-11-01,Friday,537,2887836,1,November,26,QV Market-Elizabeth St (West),2019
2019-11-01,Friday,1054,2887837,1,November,24,Spencer St-Collins St (North),2019
2019-11-01,Friday,229,2887838,1,November,23,Spencer St-Collins St (South),2019
2019-11-01,Friday,1322,2887839,1,November,25,Melbourne Convention Exhibition Centre,2019
2019-11-01,Friday,937,2887840,1,November,21,Bourke St-Russell St (West),2019
2019-11-01,Friday,765,2887841,1,November,20,Chinatown-Lt Bourke St (South),2019
2019-11-01,Friday,1243,2887842,1,November,19,Chinatown-Swanston St (North),2019
2019-11-01,Friday,2266,2887843,1,November,22,Flinders St-Elizabeth St (East),2019
2019-11-01,Friday,146,2887844,1,November,27,QV Market-Peel St,2019
2019-11-01,Friday,1205,2887845,1,November,28,The Arts Centre,2019
2019-11-01,Friday,800,2887846,1,November,31,Lygon St (West),2019
2019-11-01,Friday,1106,2887847,1,November,30,Lonsdale St (South),2019
2019-11-01,Friday,131,2887848,1,November,34,Flinders St-Spark La,2019
2019-11-01,Friday,114,2887849,1,November,39,Alfred Place,2019
2019-11-01,Friday,366,2887850,1,November,37,Lygon St (East),2019
2019-11-01,Friday,215,2887851,1,November,40,Lonsdale St-Spring St (West),2019
2019-11-01,Friday,297,2887852,1,November,36,Queen St (West),2019
2019-11-01,Friday,382,2887853,1,November,29,St Kilda Rd-Alexandra Gardens,2019
2019-11-01,Friday,157,2887854,1,November,42,Grattan St-Swanston St (West),2019
2019-11-01,Friday,13,2887855,1,November,43,Monash Rd-Swanston St (West),2019
2019-11-01,Friday,38,2887856,1,November,44,Tin Alley-Swanston St (West),2019
2019-11-01,Friday,1825,2887857,1,November,35,Southbank,2019
2019-11-01,Friday,1562,2887858,1,November,45,Little Collins St-Swanston St (East),2019
2019-11-01,Friday,93,2887859,1,November,46,Pelham St (S),2019
2019-11-01,Friday,1213,2887860,1,November,47,Melbourne Central-Elizabeth St (East),2019
2019-11-01,Friday,189,2887861,1,November,48,QVM-Queen St (East),2019
2019-11-01,Friday,137,2887862,1,November,49,QVM-Therry St (South),2019
2019-11-01,Friday,555,2887863,1,November,50,Faraday St-Lygon St (West),2019
2019-11-01,Friday,148,2887864,1,November,51,QVM-Franklin St (North),2019
2019-11-01,Friday,618,2887865,1,November,52,Elizabeth St-Lonsdale St (South),2019
2019-11-01,Friday,211,2887866,1,November,54,Lincoln-Swanston(West),2019
2019-11-01,Friday,1530,2887867,1,November,55,Elizabeth St-La Trobe St (East),2019
2019-11-01,Friday,405,2887868,1,November,56,Lonsdale St - Elizabeth St (North),2019
2019-11-01,Friday,161,2887869,1,November,57,Bourke St Bridge,2019
2019-11-01,Friday,630,2887870,1,November,58,Bourke St - Spencer St (North),2019
2019-11-01,Friday,7,2887871,1,November,59,Swanston St - RMIT Building 80,2019
2019-11-01,Friday,582,2887872,1,November,61,Swanston St - RMIT Building 14,2019
2019-11-01,Friday,260,2887873,1,November,62,La Trobe St (North),2019
2019-11-01,Friday,1438,2887874,1,November,4,Town Hall (West),2019
2019-11-01,Friday,197,2887875,1,November,17,Collins Place (South),2019
2019-11-01,Friday,153,2887876,1,November,18,Collins Place (North),2019
2019-11-01,Friday,374,2887877,1,November,53,Collins St (North),2019
2019-11-01,Friday,349,2887878,1,November,2,Bourke Street Mall (South),2019
2019-11-01,Friday,779,2887879,1,November,1,Bourke Street Mall (North),2019
2019-11-01,Friday,1960,2887880,1,November,3,Melbourne Central,2019
2019-11-01,Friday,909,2887881,1,November,15,State Library,2019
2019-11-01,Friday,157,2887882,1,November,9,Southern Cross Station,2019
2019-11-01,Friday,76,2887883,1,November,10,Victoria Point,2019
2019-11-01,Friday,363,2887884,1,November,12,New Quay,2019
2019-11-01,Friday,82,2887885,1,November,11,Waterfront City,2019
2019-11-01,Friday,79,2887886,1,November,8,Webb Bridge,2019
2019-11-01,Friday,958,2887887,1,November,7,Birrarung Marr,2019
2019-11-01,Friday,1767,2887888,1,November,5,Princes Bridge,2019
2019-11-01,Friday,1600,2887889,1,November,6,Flinders Street Station Underpass,2019
2019-11-01,Friday,12,2887890,1,November,14,Sandridge Bridge,2019
2019-11-01,Friday,443,2887891,1,November,26,QV Market-Elizabeth St (West),2019
2019-11-01,Friday,849,2887892,1,November,24,Spencer St-Collins St (North),2019
2019-11-01,Friday,178,2887893,1,November,23,Spencer St-Collins St (South),2019
2019-11-01,Friday,974,2887894,1,November,25,Melbourne Convention Exhibition Centre,2019
2019-11-01,Friday,856,2887895,1,November,21,Bourke St-Russell St (West),2019
2019-11-01,Friday,727,2887896,1,November,20,Chinatown-Lt Bourke St (South),2019
2019-11-01,Friday,983,2887897,1,November,19,Chinatown-Swanston St (North),2019
2019-11-01,Friday,1833,2887898,1,November,22,Flinders St-Elizabeth St (East),2019
2019-11-01,Friday,132,2887899,1,November,27,QV Market-Peel St,2019
2019-11-01,Friday,677,2887900,1,November,28,The Arts Centre,2019
2019-11-01,Friday,696,2887901,1,November,31,Lygon St (West),2019
2019-11-01,Friday,1024,2887902,1,November,30,Lonsdale St (South),2019
2019-11-01,Friday,218,2887903,1,November,34,Flinders St-Spark La,2019
2019-11-01,Friday,115,2887904,1,November,39,Alfred Place,2019
2019-11-01,Friday,287,2887905,1,November,37,Lygon St (East),2019
2019-11-01,Friday,351,2887906,1,November,40,Lonsdale St-Spring St (West),2019
2019-11-01,Friday,390,2887907,1,November,36,Queen St (West),2019
2019-11-01,Friday,367,2887908,1,November,29,St Kilda Rd-Alexandra Gardens,2019
2019-11-01,Friday,136,2887909,1,November,42,Grattan St-Swanston St (West),2019
2019-11-01,Friday,14,2887910,1,November,43,Monash Rd-Swanston St (West),2019
2019-11-01,Friday,25,2887911,1,November,44,Tin Alley-Swanston St (West),2019
2019-11-01,Friday,1503,2887912,1,November,35,Southbank,2019
2019-11-01,Friday,1082,2887913,1,November,45,Little Collins St-Swanston St (East),2019
2019-11-01,Friday,66,2887914,1,November,46,Pelham St (S),2019
2019-11-01,Friday,753,2887915,1,November,47,Melbourne Central-Elizabeth St (East),2019
2019-11-01,Friday,149,2887916,1,November,48,QVM-Queen St (East),2019
2019-11-01,Friday,169,2887917,1,November,49,QVM-Therry St (South),2019
2019-11-01,Friday,423,2887918,1,November,50,Faraday St-Lygon St (West),2019
2019-11-01,Friday,109,2887919,1,November,51,QVM-Franklin St (North),2019
2019-11-01,Friday,576,2887920,1,November,52,Elizabeth St-Lonsdale St (South),2019
2019-11-01,Friday,132,2887921,1,November,54,Lincoln-Swanston(West),2019
2019-11-01,Friday,1286,2887922,1,November,55,Elizabeth St-La Trobe St (East),2019
2019-11-01,Friday,309,2887923,1,November,56,Lonsdale St - Elizabeth St (North),2019
2019-11-01,Friday,128,2887924,1,November,57,Bourke St Bridge,2019
2019-11-01,Friday,573,2887925,1,November,58,Bourke St - Spencer St (North),2019
2019-11-01,Friday,10,2887926,1,November,59,Swanston St - RMIT Building 80,2019
2019-11-01,Friday,494,2887927,1,November,61,Swanston St - RMIT Building 14,2019
2019-11-01,Friday,235,2887928,1,November,62,La Trobe St (North),2019
2019-11-01,Friday,1064,2887929,1,November,4,Town Hall (West),2019
2019-11-01,Friday,144,2887930,1,November,17,Collins Place (South),2019
2019-11-01,Friday,83,2887931,1,November,18,Collins Place (North),2019
2019-11-01,Friday,239,2887932,1,November,53,Collins St (North),2019
2019-11-01,Friday,238,2887933,1,November,2,Bourke Street Mall (South),2019
2019-11-01,Friday,391,2887934,1,November,1,Bourke Street Mall (North),2019
2019-11-01,Friday,1537,2887935,1,November,3,Melbourne Central,2019
2019-11-01,Friday,550,2887936,1,November,15,State Library,2019
2019-11-01,Friday,94,2887937,1,November,9,Southern Cross Station,2019
2019-11-01,Friday,44,2887938,1,November,10,Victoria Point,2019
2019-11-01,Friday,234,2887939,1,November,12,New Quay,2019
2019-11-01,Friday,57,2887940,1,November,11,Waterfront City,2019
2019-11-01,Friday,85,2887941,1,November,8,Webb Bridge,2019
2019-11-01,Friday,823,2887942,1,November,7,Birrarung Marr,2019
2019-11-01,Friday,1306,2887943,1,November,5,Princes Bridge,2019
2019-11-01,Friday,1263,2887944,1,November,6,Flinders Street Station Underpass,2019
2019-11-01,Friday,14,2887945,1,November,14,Sandridge Bridge,2019
2019-11-01,Friday,316,2887946,1,November,26,QV Market-Elizabeth St (West),2019
2019-11-01,Friday,672,2887947,1,November,24,Spencer St-Collins St (North),2019
2019-11-01,Friday,151,2887948,1,November,23,Spencer St-Collins St (South),2019
2019-11-01,Friday,696,2887949,1,November,25,Melbourne Convention Exhibition Centre,2019
2019-11-01,Friday,667,2887950,1,November,21,Bourke St-Russell St (West),2019
2019-11-01,Friday,473,2887951,1,November,20,Chinatown-Lt Bourke St (South),2019
2019-11-01,Friday,700,2887952,1,November,19,Chinatown-Swanston St (North),2019
2019-11-01,Friday,1515,2887953,1,November,22,Flinders St-Elizabeth St (East),2019
2019-11-01,Friday,82,2887954,1,November,27,QV Market-Peel St,2019
2019-11-01,Friday,353,2887955,1,November,28,The Arts Centre,2019
2019-11-01,Friday,541,2887956,1,November,31,Lygon St (West),2019
2019-11-01,Friday,732,2887957,1,November,30,Lonsdale St (South),2019
2019-11-01,Friday,154,2887958,1,November,34,Flinders St-Spark La,2019
2019-11-01,Friday,55,2887959,1,November,39,Alfred Place,2019
2019-11-01,Friday,139,2887960,1,November,37,Lygon St (East),2019
2019-11-01,Friday,137,2887961,1,November,40,Lonsdale St-Spring St (West),2019
2019-11-01,Friday,365,2887962,1,November,36,Queen St (West),2019
2019-11-01,Friday,394,2887963,1,November,29,St Kilda Rd-Alexandra Gardens,2019
2019-11-01,Friday,103,2887964,1,November,42,Grattan St-Swanston St (West),2019
2019-11-01,Friday,21,2887965,1,November,43,Monash Rd-Swanston St (West),2019
2019-11-01,Friday,27,2887966,1,November,44,Tin Alley-Swanston St (West),2019
2019-11-01,Friday,960,2887967,1,November,35,Southbank,2019
2019-11-01,Friday,748,2887968,1,November,45,Little Collins St-Swanston St (East),2019
2019-11-01,Friday,50,2887969,1,November,46,Pelham St (S),2019
2019-11-01,Friday,615,2887970,1,November,47,Melbourne Central-Elizabeth St (East),2019
2019-11-01,Friday,105,2887971,1,November,48,QVM-Queen St (East),2019
2019-11-01,Friday,110,2887972,1,November,49,QVM-Therry St (South),2019
2019-11-01,Friday,139,2887973,1,November,50,Faraday St-Lygon St (West),2019
2019-11-01,Friday,78,2887974,1,November,51,QVM-Franklin St (North),2019
2019-11-01,Friday,416,2887975,1,November,52,Elizabeth St-Lonsdale St (South),2019
2019-11-01,Friday,98,2887976,1,November,54,Lincoln-Swanston(West),2019
2019-11-01,Friday,1005,2887977,1,November,55,Elizabeth St-La Trobe St (East),2019
2019-11-01,Friday,245,2887978,1,November,56,Lonsdale St - Elizabeth St (North),2019
2019-11-01,Friday,119,2887979,1,November,57,Bourke St Bridge,2019
2019-11-01,Friday,373,2887980,1,November,58,Bourke St - Spencer St (North),2019
2019-11-01,Friday,6,2887981,1,November,59,Swanston St - RMIT Building 80,2019
2019-11-01,Friday,320,2887982,1,November,61,Swanston St - RMIT Building 14,2019
2019-11-01,Friday,176,2887983,1,November,62,La Trobe St (North),2019
2019-11-02,Saturday,1064,2887984,2,November,4,Town Hall (West),2019
2019-11-02,Saturday,77,2887985,2,November,17,Collins Place (South),2019
2019-11-02,Saturday,47,2887986,2,November,18,Collins Place (North),2019
2019-11-02,Saturday,172,2887987,2,November,53,Collins St (North),2019
2019-11-02,Saturday,189,2887988,2,November,2,Bourke Street Mall (South),2019
2019-11-02,Saturday,205,2887989,2,November,1,Bourke Street Mall (North),2019
2019-11-02,Saturday,986,2887990,2,November,3,Melbourne Central,2019
2019-11-02,Saturday,302,2887991,2,November,15,State Library,2019
2019-11-02,Saturday,28,2887992,2,November,9,Southern Cross Station,2019
2019-11-02,Saturday,13,2887993,2,November,10,Victoria Point,2019
2019-11-02,Saturday,75,2887994,2,November,12,New Quay,2019
2019-11-02,Saturday,17,2887995,2,November,11,Waterfront City,2019
2019-11-02,Saturday,17,2887996,2,November,8,Webb Bridge,2019
2019-11-02,Saturday,54,2887997,2,November,7,Birrarung Marr,2019
2019-11-02,Saturday,614,2887998,2,November,5,Princes Bridge,2019
2019-11-02,Saturday,796,2887999,2,November,6,Flinders Street Station Underpass,2019
2019-11-02,Saturday,12,2888000,2,November,14,Sandridge Bridge,2019
2019-11-02,Saturday,249,2888001,2,November,26,QV Market-Elizabeth St (West),2019
2019-11-02,Saturday,361,2888002,2,November,24,Spencer St-Collins St (North),2019
2019-11-02,Saturday,90,2888003,2,November,23,Spencer St-Collins St (South),2019
2019-11-02,Saturday,453,2888004,2,November,25,Melbourne Convention Exhibition Centre,2019
2019-11-02,Saturday,623,2888005,2,November,21,Bourke St-Russell St (West),2019
2019-11-02,Saturday,228,2888006,2,November,20,Chinatown-Lt Bourke St (South),2019
2019-11-02,Saturday,399,2888007,2,November,19,Chinatown-Swanston St (North),2019
2019-11-02,Saturday,743,2888008,2,November,22,Flinders St-Elizabeth St (East),2019
2019-11-02,Saturday,46,2888009,2,November,27,QV Market-Peel St,2019
2019-11-02,Saturday,185,2888010,2,November,28,The Arts Centre,2019
2019-11-02,Saturday,178,2888011,2,November,31,Lygon St (West),2019
2019-11-02,Saturday,556,2888012,2,November,30,Lonsdale St (South),2019
2019-11-02,Saturday,21,2888013,2,November,34,Flinders St-Spark La,2019
2019-11-02,Saturday,52,2888014,2,November,39,Alfred Place,2019
2019-11-02,Saturday,45,2888015,2,November,37,Lygon St (East),2019
2019-11-02,Saturday,76,2888016,2,November,40,Lonsdale St-Spring St (West),2019
2019-11-02,Saturday,254,2888017,2,November,36,Queen St (West),2019
2019-11-02,Saturday,118,2888018,2,November,29,St Kilda Rd-Alexandra Gardens,2019
2019-11-02,Saturday,174,2888019,2,November,42,Grattan St-Swanston St (West),2019
2019-11-02,Saturday,26,2888020,2,November,43,Monash Rd-Swanston St (West),2019
2019-11-02,Saturday,24,2888021,2,November,44,Tin Alley-Swanston St (West),2019
2019-11-02,Saturday,421,2888022,2,November,35,Southbank,2019
2019-11-02,Saturday,465,2888023,2,November,45,Little Collins St-Swanston St (East),2019
2019-11-02,Saturday,32,2888024,2,November,46,Pelham St (S),2019
2019-11-02,Saturday,408,2888025,2,November,47,Melbourne Central-Elizabeth St (East),2019
2019-11-02,Saturday,59,2888026,2,November,48,QVM-Queen St (East),2019
2019-11-02,Saturday,119,2888027,2,November,49,QVM-Therry St (South),2019
2019-11-02,Saturday,81,2888028,2,November,50,Faraday St-Lygon St (West),2019
2019-11-02,Saturday,62,2888029,2,November,51,QVM-Franklin St (North),2019
2019-11-02,Saturday,263,2888030,2,November,52,Elizabeth St-Lonsdale St (South),2019
2019-11-02,Saturday,68,2888031,2,November,54,Lincoln-Swanston(West),2019
2019-11-02,Saturday,470,2888032,2,November,55,Elizabeth St-La Trobe St (East),2019
2019-11-02,Saturday,102,2888033,2,November,56,Lonsdale St - Elizabeth St (North),2019
2019-11-02,Saturday,35,2888034,2,November,57,Bourke St Bridge,2019
2019-11-02,Saturday,246,2888035,2,November,58,Bourke St - Spencer St (North),2019
2019-11-02,Saturday,1,2888036,2,November,59,Swanston St - RMIT Building 80,2019
2019-11-02,Saturday,166,2888037,2,November,61,Swanston St - RMIT Building 14,2019
2019-11-02,Saturday,124,2888038,2,November,62,La Trobe St (North),2019
2019-11-02,Saturday,375,2888039,2,November,4,Town Hall (West),2019
2019-11-02,Saturday,43,2888040,2,November,17,Collins Place (South),2019
2019-11-02,Saturday,14,2888041,2,November,18,Collins Place (North),2019
2019-11-02,Saturday,105,2888042,2,November,53,Collins St (North),2019
2019-11-02,Saturday,92,2888043,2,November,2,Bourke Street Mall (South),2019
2019-11-02,Saturday,142,2888044,2,November,1,Bourke Street Mall (North),2019
2019-11-02,Saturday,505,2888045,2,November,3,Melbourne Central,2019
2019-11-02,Saturday,222,2888046,2,November,15,State Library,2019
2019-11-02,Saturday,19,2888047,2,November,9,Southern Cross Station,2019
2019-11-02,Saturday,8,2888048,2,November,10,Victoria Point,2019
2019-11-02,Saturday,40,2888049,2,November,12,New Quay,2019
2019-11-02,Saturday,3,2888050,2,November,11,Waterfront City,2019
2019-11-02,Saturday,17,2888051,2,November,8,Webb Bridge,2019
2019-11-02,Saturday,106,2888052,2,November,7,Birrarung Marr,2019
2019-11-02,Saturday,300,2888053,2,November,5,Princes Bridge,2019
2019-11-02,Saturday,497,2888054,2,November,6,Flinders Street Station Underpass,2019
2019-11-02,Saturday,2,2888055,2,November,14,Sandridge Bridge,2019
2019-11-02,Saturday,157,2888056,2,November,26,QV Market-Elizabeth St (West),2019
2019-11-02,Saturday,215,2888057,2,November,24,Spencer St-Collins St (North),2019
2019-11-02,Saturday,80,2888058,2,November,23,Spencer St-Collins St (South),2019
2019-11-02,Saturday,259,2888059,2,November,25,Melbourne Convention Exhibition Centre,2019
2019-11-02,Saturday,441,2888060,2,November,21,Bourke St-Russell St (West),2019
2019-11-02,Saturday,176,2888061,2,November,20,Chinatown-Lt Bourke St (South),2019
2019-11-02,Saturday,308,2888062,2,November,19,Chinatown-Swanston St (North),2019
2019-11-02,Saturday,453,2888063,2,November,22,Flinders St-Elizabeth St (East),2019
2019-11-02,Saturday,26,2888064,2,November,27,QV Market-Peel St,2019
2019-11-02,Saturday,74,2888065,2,November,28,The Arts Centre,2019
2019-11-02,Saturday,110,2888066,2,November,31,Lygon St (West),2019
2019-11-02,Saturday,460,2888067,2,November,30,Lonsdale St (South),2019
2019-11-02,Saturday,21,2888068,2,November,34,Flinders St-Spark La,2019
2019-11-02,Saturday,10,2888069,2,November,39,Alfred Place,2019
2019-11-02,Saturday,23,2888070,2,November,37,Lygon St (East),2019
2019-11-02,Saturday,62,2888071,2,November,40,Lonsdale St-Spring St (West),2019
2019-11-02,Saturday,298,2888072,2,November,36,Queen St (West),2019
2019-11-02,Saturday,38,2888073,2,November,29,St Kilda Rd-Alexandra Gardens,2019
2019-11-02,Saturday,329,2888074,2,November,42,Grattan St-Swanston St (West),2019
2019-11-02,Saturday,16,2888075,2,November,43,Monash Rd-Swanston St (West),2019
2019-11-02,Saturday,9,2888076,2,November,44,Tin Alley-Swanston St (West),2019
2019-11-02,Saturday,304,2888077,2,November,35,Southbank,2019
2019-11-02,Saturday,248,2888078,2,November,45,Little Collins St-Swanston St (East),2019
2019-11-02,Saturday,9,2888079,2,November,46,Pelham St (S),2019
2019-11-02,Saturday,260,2888080,2,November,47,Melbourne Central-Elizabeth St (East),2019
2019-09-29,Sunday,104,2845162,29,September,46,Pelham St (S),2019
2019-11-02,Saturday,33,2888081,2,November,48,QVM-Queen St (East),2019
2019-11-02,Saturday,94,2888082,2,November,49,QVM-Therry St (South),2019
2019-11-02,Saturday,19,2888083,2,November,50,Faraday St-Lygon St (West),2019
2019-11-02,Saturday,38,2888084,2,November,51,QVM-Franklin St (North),2019
2019-11-02,Saturday,249,2888085,2,November,52,Elizabeth St-Lonsdale St (South),2019
2019-11-02,Saturday,37,2888086,2,November,54,Lincoln-Swanston(West),2019
2019-11-02,Saturday,328,2888087,2,November,55,Elizabeth St-La Trobe St (East),2019
2019-11-02,Saturday,71,2888088,2,November,56,Lonsdale St - Elizabeth St (North),2019
2019-11-02,Saturday,27,2888089,2,November,57,Bourke St Bridge,2019
2019-11-02,Saturday,156,2888090,2,November,58,Bourke St - Spencer St (North),2019
2019-11-02,Saturday,0,2888091,2,November,59,Swanston St - RMIT Building 80,2019
2019-11-02,Saturday,83,2888092,2,November,61,Swanston St - RMIT Building 14,2019
2019-11-02,Saturday,95,2888093,2,November,62,La Trobe St (North),2019
2019-11-02,Saturday,205,2888094,2,November,4,Town Hall (West),2019
2019-11-02,Saturday,23,2888095,2,November,17,Collins Place (South),2019
2019-11-02,Saturday,15,2888096,2,November,18,Collins Place (North),2019
2019-11-02,Saturday,45,2888097,2,November,53,Collins St (North),2019
2019-11-02,Saturday,74,2888098,2,November,2,Bourke Street Mall (South),2019
2019-11-02,Saturday,63,2888099,2,November,1,Bourke Street Mall (North),2019
2019-11-02,Saturday,301,2888100,2,November,3,Melbourne Central,2019
2019-11-02,Saturday,83,2888101,2,November,15,State Library,2019
2019-11-02,Saturday,15,2888102,2,November,9,Southern Cross Station,2019
2019-11-02,Saturday,10,2888103,2,November,10,Victoria Point,2019
2019-11-02,Saturday,4,2888104,2,November,12,New Quay,2019
2019-11-02,Saturday,0,2888105,2,November,11,Waterfront City,2019
2019-11-02,Saturday,7,2888106,2,November,8,Webb Bridge,2019
2019-11-02,Saturday,2,2888107,2,November,7,Birrarung Marr,2019
2019-11-02,Saturday,111,2888108,2,November,5,Princes Bridge,2019
2019-11-02,Saturday,195,2888109,2,November,6,Flinders Street Station Underpass,2019
2019-11-02,Saturday,7,2888110,2,November,14,Sandridge Bridge,2019
2019-11-02,Saturday,110,2888111,2,November,26,QV Market-Elizabeth St (West),2019
2019-11-02,Saturday,91,2888112,2,November,24,Spencer St-Collins St (North),2019
2019-11-02,Saturday,23,2888113,2,November,23,Spencer St-Collins St (South),2019
2019-11-02,Saturday,97,2888114,2,November,25,Melbourne Convention Exhibition Centre,2019
2019-11-02,Saturday,282,2888115,2,November,21,Bourke St-Russell St (West),2019
2019-11-02,Saturday,117,2888116,2,November,20,Chinatown-Lt Bourke St (South),2019
2019-11-02,Saturday,92,2888117,2,November,19,Chinatown-Swanston St (North),2019
2019-11-02,Saturday,342,2888118,2,November,22,Flinders St-Elizabeth St (East),2019
2019-11-02,Saturday,15,2888119,2,November,27,QV Market-Peel St,2019
2019-11-02,Saturday,51,2888120,2,November,28,The Arts Centre,2019
2019-11-02,Saturday,17,2888121,2,November,31,Lygon St (West),2019
2019-11-02,Saturday,346,2888122,2,November,30,Lonsdale St (South),2019
2019-11-02,Saturday,4,2888123,2,November,34,Flinders St-Spark La,2019
2019-11-02,Saturday,32,2888124,2,November,39,Alfred Place,2019
2019-11-02,Saturday,10,2888125,2,November,37,Lygon St (East),2019
2019-11-02,Saturday,18,2888126,2,November,40,Lonsdale St-Spring St (West),2019
2019-11-02,Saturday,153,2888127,2,November,36,Queen St (West),2019
2019-11-02,Saturday,14,2888128,2,November,29,St Kilda Rd-Alexandra Gardens,2019
2019-11-02,Saturday,87,2888129,2,November,42,Grattan St-Swanston St (West),2019
2019-11-02,Saturday,8,2888130,2,November,43,Monash Rd-Swanston St (West),2019
2019-11-02,Saturday,4,2888131,2,November,44,Tin Alley-Swanston St (West),2019
2019-11-02,Saturday,95,2888132,2,November,35,Southbank,2019
2019-11-02,Saturday,185,2888133,2,November,45,Little Collins St-Swanston St (East),2019
2019-11-02,Saturday,0,2888134,2,November,46,Pelham St (S),2019
2019-11-02,Saturday,139,2888135,2,November,47,Melbourne Central-Elizabeth St (East),2019
2019-11-02,Saturday,21,2888136,2,November,48,QVM-Queen St (East),2019
2019-11-02,Saturday,67,2888137,2,November,49,QVM-Therry St (South),2019
2019-11-02,Saturday,9,2888138,2,November,50,Faraday St-Lygon St (West),2019
2019-11-02,Saturday,19,2888139,2,November,51,QVM-Franklin St (North),2019
2019-11-02,Saturday,131,2888140,2,November,52,Elizabeth St-Lonsdale St (South),2019
2019-11-02,Saturday,22,2888141,2,November,54,Lincoln-Swanston(West),2019
2019-11-02,Saturday,208,2888142,2,November,55,Elizabeth St-La Trobe St (East),2019
2019-11-02,Saturday,32,2888143,2,November,56,Lonsdale St - Elizabeth St (North),2019
2019-11-02,Saturday,9,2888144,2,November,57,Bourke St Bridge,2019
2019-11-02,Saturday,87,2888145,2,November,58,Bourke St - Spencer St (North),2019
2019-11-02,Saturday,2,2888146,2,November,59,Swanston St - RMIT Building 80,2019
2019-11-02,Saturday,31,2888147,2,November,61,Swanston St - RMIT Building 14,2019
2019-11-02,Saturday,40,2888148,2,November,62,La Trobe St (North),2019
2019-11-02,Saturday,96,2888149,2,November,4,Town Hall (West),2019
2019-11-02,Saturday,13,2888150,2,November,17,Collins Place (South),2019
2019-11-02,Saturday,11,2888151,2,November,18,Collins Place (North),2019
2019-11-02,Saturday,49,2888152,2,November,53,Collins St (North),2019
2019-11-02,Saturday,49,2888153,2,November,2,Bourke Street Mall (South),2019
2019-11-02,Saturday,38,2888154,2,November,1,Bourke Street Mall (North),2019
2019-11-02,Saturday,186,2888155,2,November,3,Melbourne Central,2019
2019-11-02,Saturday,58,2888156,2,November,15,State Library,2019
2019-11-02,Saturday,9,2888157,2,November,9,Southern Cross Station,2019
2019-11-02,Saturday,5,2888158,2,November,10,Victoria Point,2019
2019-11-02,Saturday,7,2888159,2,November,12,New Quay,2019
2019-11-02,Saturday,0,2888160,2,November,11,Waterfront City,2019
2019-11-02,Saturday,6,2888161,2,November,8,Webb Bridge,2019
2019-11-02,Saturday,3,2888162,2,November,7,Birrarung Marr,2019
2019-11-02,Saturday,106,2888163,2,November,5,Princes Bridge,2019
2019-11-02,Saturday,122,2888164,2,November,6,Flinders Street Station Underpass,2019
2019-11-02,Saturday,1,2888165,2,November,14,Sandridge Bridge,2019
2019-11-02,Saturday,90,2888166,2,November,26,QV Market-Elizabeth St (West),2019
2019-11-02,Saturday,64,2888167,2,November,24,Spencer St-Collins St (North),2019
2019-11-02,Saturday,16,2888168,2,November,23,Spencer St-Collins St (South),2019
2019-11-02,Saturday,202,2888169,2,November,25,Melbourne Convention Exhibition Centre,2019
2019-11-02,Saturday,215,2888170,2,November,21,Bourke St-Russell St (West),2019
2019-11-02,Saturday,76,2888171,2,November,20,Chinatown-Lt Bourke St (South),2019
2019-11-02,Saturday,61,2888172,2,November,19,Chinatown-Swanston St (North),2019
2019-11-02,Saturday,274,2888173,2,November,22,Flinders St-Elizabeth St (East),2019
2019-11-02,Saturday,7,2888174,2,November,27,QV Market-Peel St,2019
2019-11-02,Saturday,38,2888175,2,November,28,The Arts Centre,2019
2019-11-02,Saturday,5,2888176,2,November,31,Lygon St (West),2019
2019-11-02,Saturday,263,2888177,2,November,30,Lonsdale St (South),2019
2019-11-02,Saturday,4,2888178,2,November,34,Flinders St-Spark La,2019
2019-11-02,Saturday,13,2888179,2,November,39,Alfred Place,2019
2019-11-02,Saturday,6,2888180,2,November,37,Lygon St (East),2019
2019-11-02,Saturday,18,2888181,2,November,40,Lonsdale St-Spring St (West),2019
2019-11-02,Saturday,123,2888182,2,November,36,Queen St (West),2019
2019-11-02,Saturday,16,2888183,2,November,29,St Kilda Rd-Alexandra Gardens,2019
2019-11-02,Saturday,15,2888184,2,November,42,Grattan St-Swanston St (West),2019
2019-11-02,Saturday,1,2888185,2,November,43,Monash Rd-Swanston St (West),2019
2019-11-02,Saturday,5,2888186,2,November,44,Tin Alley-Swanston St (West),2019
2019-11-02,Saturday,36,2888187,2,November,35,Southbank,2019
2019-11-02,Saturday,109,2888188,2,November,45,Little Collins St-Swanston St (East),2019
2019-11-02,Saturday,9,2888189,2,November,46,Pelham St (S),2019
2019-11-02,Saturday,115,2888190,2,November,47,Melbourne Central-Elizabeth St (East),2019
2019-11-02,Saturday,15,2888191,2,November,48,QVM-Queen St (East),2019
2019-09-29,Sunday,50,2845332,29,September,10,Victoria Point,2019
2019-11-02,Saturday,25,2888192,2,November,49,QVM-Therry St (South),2019
2019-11-02,Saturday,2,2888193,2,November,50,Faraday St-Lygon St (West),2019
2019-11-02,Saturday,19,2888194,2,November,51,QVM-Franklin St (North),2019
2019-11-02,Saturday,174,2888195,2,November,52,Elizabeth St-Lonsdale St (South),2019
2019-11-02,Saturday,15,2888196,2,November,54,Lincoln-Swanston(West),2019
2019-11-02,Saturday,219,2888197,2,November,55,Elizabeth St-La Trobe St (East),2019
2019-11-02,Saturday,39,2888198,2,November,56,Lonsdale St - Elizabeth St (North),2019
2019-11-02,Saturday,3,2888199,2,November,57,Bourke St Bridge,2019
2019-11-02,Saturday,41,2888200,2,November,58,Bourke St - Spencer St (North),2019
2019-11-02,Saturday,1,2888201,2,November,59,Swanston St - RMIT Building 80,2019
2019-11-02,Saturday,50,2888202,2,November,61,Swanston St - RMIT Building 14,2019
2019-11-02,Saturday,71,2888203,2,November,62,La Trobe St (North),2019
2019-11-02,Saturday,78,2888204,2,November,4,Town Hall (West),2019
2019-11-02,Saturday,6,2888205,2,November,17,Collins Place (South),2019
2019-11-02,Saturday,1,2888206,2,November,18,Collins Place (North),2019
2019-11-02,Saturday,12,2888207,2,November,53,Collins St (North),2019
2019-11-02,Saturday,26,2888208,2,November,2,Bourke Street Mall (South),2019
2019-11-02,Saturday,24,2888209,2,November,1,Bourke Street Mall (North),2019
2019-11-02,Saturday,127,2888210,2,November,3,Melbourne Central,2019
2019-11-02,Saturday,28,2888211,2,November,15,State Library,2019
2019-11-02,Saturday,2,2888212,2,November,9,Southern Cross Station,2019
2019-11-02,Saturday,1,2888213,2,November,10,Victoria Point,2019
2019-11-02,Saturday,1,2888214,2,November,12,New Quay,2019
2019-11-02,Saturday,6,2888215,2,November,11,Waterfront City,2019
2019-11-02,Saturday,2,2888216,2,November,8,Webb Bridge,2019
2019-11-02,Saturday,12,2888217,2,November,7,Birrarung Marr,2019
2019-11-02,Saturday,69,2888218,2,November,5,Princes Bridge,2019
2019-11-02,Saturday,99,2888219,2,November,6,Flinders Street Station Underpass,2019
2019-11-02,Saturday,3,2888220,2,November,14,Sandridge Bridge,2019
2019-11-02,Saturday,63,2888221,2,November,26,QV Market-Elizabeth St (West),2019
2019-11-02,Saturday,56,2888222,2,November,24,Spencer St-Collins St (North),2019
2019-11-02,Saturday,12,2888223,2,November,23,Spencer St-Collins St (South),2019
2019-11-02,Saturday,47,2888224,2,November,25,Melbourne Convention Exhibition Centre,2019
2019-11-02,Saturday,195,2888225,2,November,21,Bourke St-Russell St (West),2019
2019-11-02,Saturday,25,2888226,2,November,20,Chinatown-Lt Bourke St (South),2019
2019-11-02,Saturday,36,2888227,2,November,19,Chinatown-Swanston St (North),2019
2019-11-02,Saturday,244,2888228,2,November,22,Flinders St-Elizabeth St (East),2019
2019-11-02,Saturday,10,2888229,2,November,27,QV Market-Peel St,2019
2019-11-02,Saturday,37,2888230,2,November,28,The Arts Centre,2019
2019-11-02,Saturday,19,2888231,2,November,31,Lygon St (West),2019
2019-11-02,Saturday,159,2888232,2,November,30,Lonsdale St (South),2019
2019-11-02,Saturday,6,2888233,2,November,34,Flinders St-Spark La,2019
2019-11-02,Saturday,17,2888234,2,November,39,Alfred Place,2019
2019-11-02,Saturday,6,2888235,2,November,37,Lygon St (East),2019
2019-11-02,Saturday,5,2888236,2,November,40,Lonsdale St-Spring St (West),2019
2019-11-02,Saturday,83,2888237,2,November,36,Queen St (West),2019
2019-11-02,Saturday,12,2888238,2,November,29,St Kilda Rd-Alexandra Gardens,2019
2019-11-02,Saturday,13,2888239,2,November,42,Grattan St-Swanston St (West),2019
2019-11-02,Saturday,3,2888240,2,November,43,Monash Rd-Swanston St (West),2019
2019-11-02,Saturday,4,2888241,2,November,44,Tin Alley-Swanston St (West),2019
2019-11-02,Saturday,22,2888242,2,November,35,Southbank,2019
2019-11-02,Saturday,33,2888243,2,November,45,Little Collins St-Swanston St (East),2019
2019-11-02,Saturday,2,2888244,2,November,46,Pelham St (S),2019
2019-11-02,Saturday,62,2888245,2,November,47,Melbourne Central-Elizabeth St (East),2019
2019-11-02,Saturday,21,2888246,2,November,48,QVM-Queen St (East),2019
2019-11-02,Saturday,41,2888247,2,November,49,QVM-Therry St (South),2019
2019-11-02,Saturday,4,2888248,2,November,50,Faraday St-Lygon St (West),2019
2019-11-02,Saturday,10,2888249,2,November,51,QVM-Franklin St (North),2019
2019-11-02,Saturday,32,2888250,2,November,52,Elizabeth St-Lonsdale St (South),2019
2019-11-02,Saturday,8,2888251,2,November,54,Lincoln-Swanston(West),2019
2019-11-02,Saturday,115,2888252,2,November,55,Elizabeth St-La Trobe St (East),2019
2019-11-02,Saturday,21,2888253,2,November,56,Lonsdale St - Elizabeth St (North),2019
2019-11-02,Saturday,11,2888254,2,November,57,Bourke St Bridge,2019
2019-11-02,Saturday,28,2888255,2,November,58,Bourke St - Spencer St (North),2019
2019-11-02,Saturday,2,2888256,2,November,59,Swanston St - RMIT Building 80,2019
2019-11-02,Saturday,18,2888257,2,November,61,Swanston St - RMIT Building 14,2019
2019-11-02,Saturday,27,2888258,2,November,62,La Trobe St (North),2019
2019-11-02,Saturday,58,2888259,2,November,4,Town Hall (West),2019
2019-11-02,Saturday,21,2888260,2,November,17,Collins Place (South),2019
2019-11-02,Saturday,6,2888261,2,November,18,Collins Place (North),2019
2019-11-02,Saturday,33,2888262,2,November,53,Collins St (North),2019
2019-11-02,Saturday,20,2888263,2,November,2,Bourke Street Mall (South),2019
2019-11-02,Saturday,25,2888264,2,November,1,Bourke Street Mall (North),2019
2019-11-02,Saturday,68,2888265,2,November,3,Melbourne Central,2019
2019-11-02,Saturday,23,2888266,2,November,15,State Library,2019
2019-11-02,Saturday,6,2888267,2,November,9,Southern Cross Station,2019
2019-11-02,Saturday,14,2888268,2,November,10,Victoria Point,2019
2019-11-02,Saturday,5,2888269,2,November,12,New Quay,2019
2019-11-02,Saturday,0,2888270,2,November,11,Waterfront City,2019
2019-11-02,Saturday,4,2888271,2,November,8,Webb Bridge,2019
2019-11-02,Saturday,5,2888272,2,November,7,Birrarung Marr,2019
2019-11-02,Saturday,52,2888273,2,November,5,Princes Bridge,2019
2019-11-02,Saturday,99,2888274,2,November,6,Flinders Street Station Underpass,2019
2019-11-02,Saturday,3,2888275,2,November,14,Sandridge Bridge,2019
2019-11-02,Saturday,57,2888276,2,November,26,QV Market-Elizabeth St (West),2019
2019-11-02,Saturday,126,2888277,2,November,24,Spencer St-Collins St (North),2019
2019-11-02,Saturday,23,2888278,2,November,23,Spencer St-Collins St (South),2019
2019-11-02,Saturday,45,2888279,2,November,25,Melbourne Convention Exhibition Centre,2019
2019-11-02,Saturday,131,2888280,2,November,21,Bourke St-Russell St (West),2019
2019-11-02,Saturday,25,2888281,2,November,20,Chinatown-Lt Bourke St (South),2019
2019-11-02,Saturday,28,2888282,2,November,19,Chinatown-Swanston St (North),2019
2019-11-02,Saturday,151,2888283,2,November,22,Flinders St-Elizabeth St (East),2019
2019-11-02,Saturday,14,2888284,2,November,27,QV Market-Peel St,2019
2019-11-02,Saturday,32,2888285,2,November,28,The Arts Centre,2019
2019-11-02,Saturday,24,2888286,2,November,31,Lygon St (West),2019
2019-11-02,Saturday,122,2888287,2,November,30,Lonsdale St (South),2019
2019-11-02,Saturday,7,2888288,2,November,34,Flinders St-Spark La,2019
2019-11-02,Saturday,9,2888289,2,November,39,Alfred Place,2019
2019-11-02,Saturday,12,2888290,2,November,37,Lygon St (East),2019
2019-11-02,Saturday,13,2888291,2,November,40,Lonsdale St-Spring St (West),2019
2019-11-02,Saturday,20,2888292,2,November,36,Queen St (West),2019
2019-11-02,Saturday,9,2888293,2,November,29,St Kilda Rd-Alexandra Gardens,2019
2019-11-02,Saturday,6,2888294,2,November,42,Grattan St-Swanston St (West),2019
2019-11-02,Saturday,2,2888295,2,November,43,Monash Rd-Swanston St (West),2019
2019-11-02,Saturday,2,2888296,2,November,44,Tin Alley-Swanston St (West),2019
2019-11-02,Saturday,48,2888297,2,November,35,Southbank,2019
2019-11-02,Saturday,46,2888298,2,November,45,Little Collins St-Swanston St (East),2019
2019-11-02,Saturday,3,2888299,2,November,46,Pelham St (S),2019
2019-11-02,Saturday,41,2888300,2,November,47,Melbourne Central-Elizabeth St (East),2019
2019-11-02,Saturday,14,2888301,2,November,48,QVM-Queen St (East),2019
2019-11-02,Saturday,31,2888302,2,November,49,QVM-Therry St (South),2019
2019-11-02,Saturday,11,2888303,2,November,50,Faraday St-Lygon St (West),2019
2019-11-02,Saturday,9,2888304,2,November,51,QVM-Franklin St (North),2019
2019-11-02,Saturday,18,2888305,2,November,52,Elizabeth St-Lonsdale St (South),2019
2019-11-02,Saturday,6,2888306,2,November,54,Lincoln-Swanston(West),2019
2019-11-02,Saturday,80,2888307,2,November,55,Elizabeth St-La Trobe St (East),2019
2019-11-02,Saturday,6,2888308,2,November,56,Lonsdale St - Elizabeth St (North),2019
2019-11-02,Saturday,7,2888309,2,November,57,Bourke St Bridge,2019
2019-11-02,Saturday,45,2888310,2,November,58,Bourke St - Spencer St (North),2019
2019-11-02,Saturday,0,2888311,2,November,59,Swanston St - RMIT Building 80,2019
2019-11-02,Saturday,28,2888312,2,November,61,Swanston St - RMIT Building 14,2019
2019-11-02,Saturday,16,2888313,2,November,62,La Trobe St (North),2019
2019-11-02,Saturday,102,2888314,2,November,4,Town Hall (West),2019
2019-11-02,Saturday,61,2888315,2,November,17,Collins Place (South),2019
2019-11-02,Saturday,27,2888316,2,November,18,Collins Place (North),2019
2019-11-02,Saturday,60,2888317,2,November,53,Collins St (North),2019
2019-11-02,Saturday,106,2888318,2,November,2,Bourke Street Mall (South),2019
2019-11-02,Saturday,85,2888319,2,November,1,Bourke Street Mall (North),2019
2019-11-02,Saturday,118,2888320,2,November,3,Melbourne Central,2019
2019-11-02,Saturday,33,2888321,2,November,15,State Library,2019
2019-11-02,Saturday,31,2888322,2,November,9,Southern Cross Station,2019
2019-11-02,Saturday,15,2888323,2,November,10,Victoria Point,2019
2019-11-02,Saturday,20,2888324,2,November,12,New Quay,2019
2019-11-02,Saturday,12,2888325,2,November,11,Waterfront City,2019
2019-11-02,Saturday,9,2888326,2,November,8,Webb Bridge,2019
2019-11-02,Saturday,29,2888327,2,November,7,Birrarung Marr,2019
2019-11-02,Saturday,69,2888328,2,November,5,Princes Bridge,2019
2019-11-02,Saturday,207,2888329,2,November,6,Flinders Street Station Underpass,2019
2019-11-02,Saturday,4,2888330,2,November,14,Sandridge Bridge,2019
2019-11-02,Saturday,130,2888331,2,November,26,QV Market-Elizabeth St (West),2019
2019-11-02,Saturday,201,2888332,2,November,24,Spencer St-Collins St (North),2019
2019-11-02,Saturday,38,2888333,2,November,23,Spencer St-Collins St (South),2019
2019-11-02,Saturday,143,2888334,2,November,25,Melbourne Convention Exhibition Centre,2019
2019-11-02,Saturday,92,2888335,2,November,21,Bourke St-Russell St (West),2019
2019-11-02,Saturday,24,2888336,2,November,20,Chinatown-Lt Bourke St (South),2019
2019-11-02,Saturday,38,2888337,2,November,19,Chinatown-Swanston St (North),2019
2019-11-02,Saturday,203,2888338,2,November,22,Flinders St-Elizabeth St (East),2019
2019-11-02,Saturday,31,2888339,2,November,27,QV Market-Peel St,2019
2019-11-02,Saturday,45,2888340,2,November,28,The Arts Centre,2019
2019-11-02,Saturday,19,2888341,2,November,31,Lygon St (West),2019
2019-11-02,Saturday,120,2888342,2,November,30,Lonsdale St (South),2019
2019-11-02,Saturday,16,2888343,2,November,34,Flinders St-Spark La,2019
2019-11-02,Saturday,28,2888344,2,November,39,Alfred Place,2019
2019-11-02,Saturday,9,2888345,2,November,37,Lygon St (East),2019
2019-11-02,Saturday,27,2888346,2,November,40,Lonsdale St-Spring St (West),2019
2019-11-02,Saturday,24,2888347,2,November,36,Queen St (West),2019
2019-11-02,Saturday,44,2888348,2,November,29,St Kilda Rd-Alexandra Gardens,2019
2019-11-02,Saturday,23,2888349,2,November,42,Grattan St-Swanston St (West),2019
2019-11-02,Saturday,7,2888350,2,November,43,Monash Rd-Swanston St (West),2019
2019-11-02,Saturday,4,2888351,2,November,44,Tin Alley-Swanston St (West),2019
2019-11-02,Saturday,156,2888352,2,November,35,Southbank,2019
2019-11-02,Saturday,69,2888353,2,November,45,Little Collins St-Swanston St (East),2019
2019-11-02,Saturday,5,2888354,2,November,46,Pelham St (S),2019
2019-11-02,Saturday,86,2888355,2,November,47,Melbourne Central-Elizabeth St (East),2019
2019-11-02,Saturday,59,2888356,2,November,48,QVM-Queen St (East),2019
2019-11-02,Saturday,42,2888357,2,November,49,QVM-Therry St (South),2019
2019-11-02,Saturday,16,2888358,2,November,50,Faraday St-Lygon St (West),2019
2019-11-02,Saturday,17,2888359,2,November,51,QVM-Franklin St (North),2019
2019-11-02,Saturday,39,2888360,2,November,52,Elizabeth St-Lonsdale St (South),2019
2019-11-02,Saturday,4,2888361,2,November,54,Lincoln-Swanston(West),2019
2019-11-02,Saturday,100,2888362,2,November,55,Elizabeth St-La Trobe St (East),2019
2019-11-02,Saturday,27,2888363,2,November,56,Lonsdale St - Elizabeth St (North),2019
2019-11-02,Saturday,23,2888364,2,November,57,Bourke St Bridge,2019
2019-11-02,Saturday,102,2888365,2,November,58,Bourke St - Spencer St (North),2019
2019-11-02,Saturday,7,2888366,2,November,59,Swanston St - RMIT Building 80,2019
2019-11-02,Saturday,35,2888367,2,November,61,Swanston St - RMIT Building 14,2019
2019-11-02,Saturday,12,2888368,2,November,62,La Trobe St (North),2019
2019-11-02,Saturday,269,2888369,2,November,4,Town Hall (West),2019
2019-11-02,Saturday,86,2888370,2,November,17,Collins Place (South),2019
2019-11-02,Saturday,44,2888371,2,November,18,Collins Place (North),2019
2019-11-02,Saturday,114,2888372,2,November,53,Collins St (North),2019
2019-11-02,Saturday,161,2888373,2,November,2,Bourke Street Mall (South),2019
2019-11-02,Saturday,162,2888374,2,November,1,Bourke Street Mall (North),2019
2019-11-02,Saturday,189,2888375,2,November,3,Melbourne Central,2019
2019-11-02,Saturday,118,2888376,2,November,15,State Library,2019
2019-11-02,Saturday,61,2888377,2,November,9,Southern Cross Station,2019
2019-11-02,Saturday,17,2888378,2,November,10,Victoria Point,2019
2019-11-02,Saturday,56,2888379,2,November,12,New Quay,2019
2019-11-02,Saturday,15,2888380,2,November,11,Waterfront City,2019
2019-11-02,Saturday,45,2888381,2,November,8,Webb Bridge,2019
2019-11-02,Saturday,61,2888382,2,November,7,Birrarung Marr,2019
2019-11-02,Saturday,189,2888383,2,November,5,Princes Bridge,2019
2019-11-02,Saturday,446,2888384,2,November,6,Flinders Street Station Underpass,2019
2019-11-02,Saturday,9,2888385,2,November,14,Sandridge Bridge,2019
2019-11-02,Saturday,252,2888386,2,November,26,QV Market-Elizabeth St (West),2019
2019-11-02,Saturday,436,2888387,2,November,24,Spencer St-Collins St (North),2019
2019-11-02,Saturday,66,2888388,2,November,23,Spencer St-Collins St (South),2019
2019-11-02,Saturday,207,2888389,2,November,25,Melbourne Convention Exhibition Centre,2019
2019-11-02,Saturday,86,2888390,2,November,21,Bourke St-Russell St (West),2019
2019-11-02,Saturday,31,2888391,2,November,20,Chinatown-Lt Bourke St (South),2019
2019-11-02,Saturday,53,2888392,2,November,19,Chinatown-Swanston St (North),2019
2019-11-02,Saturday,448,2888393,2,November,22,Flinders St-Elizabeth St (East),2019
2019-11-02,Saturday,81,2888394,2,November,27,QV Market-Peel St,2019
2019-11-02,Saturday,104,2888395,2,November,28,The Arts Centre,2019
2019-11-02,Saturday,46,2888396,2,November,31,Lygon St (West),2019
2019-11-02,Saturday,69,2888397,2,November,30,Lonsdale St (South),2019
2019-11-02,Saturday,37,2888398,2,November,34,Flinders St-Spark La,2019
2019-11-02,Saturday,53,2888399,2,November,39,Alfred Place,2019
2019-11-02,Saturday,22,2888400,2,November,37,Lygon St (East),2019
2019-11-02,Saturday,55,2888401,2,November,40,Lonsdale St-Spring St (West),2019
2019-11-02,Saturday,72,2888402,2,November,36,Queen St (West),2019
2019-11-02,Saturday,111,2888403,2,November,29,St Kilda Rd-Alexandra Gardens,2019
2019-11-02,Saturday,28,2888404,2,November,42,Grattan St-Swanston St (West),2019
2019-11-02,Saturday,22,2888405,2,November,43,Monash Rd-Swanston St (West),2019
2019-11-02,Saturday,12,2888406,2,November,44,Tin Alley-Swanston St (West),2019
2019-11-02,Saturday,344,2888407,2,November,35,Southbank,2019
2019-11-02,Saturday,158,2888408,2,November,45,Little Collins St-Swanston St (East),2019
2019-11-02,Saturday,23,2888409,2,November,46,Pelham St (S),2019
2019-11-02,Saturday,214,2888410,2,November,47,Melbourne Central-Elizabeth St (East),2019
2019-11-02,Saturday,163,2888411,2,November,48,QVM-Queen St (East),2019
2019-11-02,Saturday,89,2888412,2,November,49,QVM-Therry St (South),2019
2019-11-02,Saturday,37,2888413,2,November,50,Faraday St-Lygon St (West),2019
2019-11-02,Saturday,32,2888414,2,November,51,QVM-Franklin St (North),2019
2019-09-29,Sunday,323,2845333,29,September,12,New Quay,2019
2019-11-02,Saturday,51,2888415,2,November,52,Elizabeth St-Lonsdale St (South),2019
2019-11-02,Saturday,20,2888416,2,November,54,Lincoln-Swanston(West),2019
2019-11-02,Saturday,235,2888417,2,November,55,Elizabeth St-La Trobe St (East),2019
2019-11-02,Saturday,55,2888418,2,November,56,Lonsdale St - Elizabeth St (North),2019
2019-11-02,Saturday,55,2888419,2,November,57,Bourke St Bridge,2019
2019-11-02,Saturday,189,2888420,2,November,58,Bourke St - Spencer St (North),2019
2019-11-02,Saturday,16,2888421,2,November,59,Swanston St - RMIT Building 80,2019
2019-11-02,Saturday,72,2888422,2,November,61,Swanston St - RMIT Building 14,2019
2019-11-02,Saturday,37,2888423,2,November,62,La Trobe St (North),2019
2019-11-02,Saturday,404,2888424,2,November,4,Town Hall (West),2019
2019-11-02,Saturday,128,2888425,2,November,17,Collins Place (South),2019
2019-11-02,Saturday,55,2888426,2,November,18,Collins Place (North),2019
2019-11-02,Saturday,272,2888427,2,November,53,Collins St (North),2019
2019-11-02,Saturday,309,2888428,2,November,2,Bourke Street Mall (South),2019
2019-11-02,Saturday,385,2888429,2,November,1,Bourke Street Mall (North),2019
2019-11-02,Saturday,309,2888430,2,November,3,Melbourne Central,2019
2019-11-02,Saturday,217,2888431,2,November,15,State Library,2019
2019-11-02,Saturday,79,2888432,2,November,9,Southern Cross Station,2019
2019-11-02,Saturday,60,2888433,2,November,10,Victoria Point,2019
2019-11-02,Saturday,64,2888434,2,November,12,New Quay,2019
2019-11-02,Saturday,12,2888435,2,November,11,Waterfront City,2019
2019-11-02,Saturday,44,2888436,2,November,8,Webb Bridge,2019
2019-11-02,Saturday,32,2888437,2,November,7,Birrarung Marr,2019
2019-11-02,Saturday,319,2888438,2,November,5,Princes Bridge,2019
2019-11-02,Saturday,608,2888439,2,November,6,Flinders Street Station Underpass,2019
2019-11-02,Saturday,7,2888440,2,November,14,Sandridge Bridge,2019
2019-11-02,Saturday,360,2888441,2,November,26,QV Market-Elizabeth St (West),2019
2019-11-02,Saturday,766,2888442,2,November,24,Spencer St-Collins St (North),2019
2019-11-02,Saturday,132,2888443,2,November,23,Spencer St-Collins St (South),2019
2019-11-02,Saturday,355,2888444,2,November,25,Melbourne Convention Exhibition Centre,2019
2019-11-02,Saturday,136,2888445,2,November,21,Bourke St-Russell St (West),2019
2019-11-02,Saturday,61,2888446,2,November,20,Chinatown-Lt Bourke St (South),2019
2019-11-02,Saturday,91,2888447,2,November,19,Chinatown-Swanston St (North),2019
2019-11-02,Saturday,847,2888448,2,November,22,Flinders St-Elizabeth St (East),2019
2019-11-02,Saturday,166,2888449,2,November,27,QV Market-Peel St,2019
2019-11-02,Saturday,208,2888450,2,November,28,The Arts Centre,2019
2019-11-02,Saturday,85,2888451,2,November,31,Lygon St (West),2019
2019-11-02,Saturday,101,2888452,2,November,30,Lonsdale St (South),2019
2019-11-02,Saturday,36,2888453,2,November,34,Flinders St-Spark La,2019
2019-11-02,Saturday,99,2888454,2,November,39,Alfred Place,2019
2019-11-02,Saturday,69,2888455,2,November,37,Lygon St (East),2019
2019-11-02,Saturday,88,2888456,2,November,40,Lonsdale St-Spring St (West),2019
2019-11-02,Saturday,148,2888457,2,November,36,Queen St (West),2019
2019-11-02,Saturday,69,2888458,2,November,29,St Kilda Rd-Alexandra Gardens,2019
2019-11-02,Saturday,48,2888459,2,November,42,Grattan St-Swanston St (West),2019
2019-11-02,Saturday,49,2888460,2,November,43,Monash Rd-Swanston St (West),2019
2019-11-02,Saturday,29,2888461,2,November,44,Tin Alley-Swanston St (West),2019
2019-11-02,Saturday,428,2888462,2,November,35,Southbank,2019
2019-11-02,Saturday,185,2888463,2,November,45,Little Collins St-Swanston St (East),2019
2019-11-02,Saturday,56,2888464,2,November,46,Pelham St (S),2019
2019-11-02,Saturday,350,2888465,2,November,47,Melbourne Central-Elizabeth St (East),2019
2019-11-02,Saturday,201,2888466,2,November,48,QVM-Queen St (East),2019
2019-11-02,Saturday,110,2888467,2,November,49,QVM-Therry St (South),2019
2019-11-02,Saturday,89,2888468,2,November,50,Faraday St-Lygon St (West),2019
2019-11-02,Saturday,52,2888469,2,November,51,QVM-Franklin St (North),2019
2019-09-29,Sunday,98,2845334,29,September,11,Waterfront City,2019
2019-11-02,Saturday,237,2888470,2,November,52,Elizabeth St-Lonsdale St (South),2019
2019-11-02,Saturday,46,2888471,2,November,54,Lincoln-Swanston(West),2019
2019-11-02,Saturday,351,2888472,2,November,55,Elizabeth St-La Trobe St (East),2019
2019-11-02,Saturday,151,2888473,2,November,56,Lonsdale St - Elizabeth St (North),2019
2019-11-02,Saturday,54,2888474,2,November,57,Bourke St Bridge,2019
2019-11-02,Saturday,312,2888475,2,November,58,Bourke St - Spencer St (North),2019
2019-11-02,Saturday,20,2888476,2,November,59,Swanston St - RMIT Building 80,2019
2019-11-02,Saturday,155,2888477,2,November,61,Swanston St - RMIT Building 14,2019
2019-11-02,Saturday,37,2888478,2,November,62,La Trobe St (North),2019
2019-11-02,Saturday,825,2888479,2,November,4,Town Hall (West),2019
2019-11-02,Saturday,193,2888480,2,November,17,Collins Place (South),2019
2019-11-02,Saturday,82,2888481,2,November,18,Collins Place (North),2019
2019-11-02,Saturday,556,2888482,2,November,53,Collins St (North),2019
2019-11-02,Saturday,597,2888483,2,November,2,Bourke Street Mall (South),2019
2019-11-02,Saturday,765,2888484,2,November,1,Bourke Street Mall (North),2019
2019-11-02,Saturday,399,2888485,2,November,3,Melbourne Central,2019
2019-11-02,Saturday,317,2888486,2,November,15,State Library,2019
2019-11-02,Saturday,87,2888487,2,November,9,Southern Cross Station,2019
2019-11-02,Saturday,51,2888488,2,November,10,Victoria Point,2019
2019-11-02,Saturday,42,2888489,2,November,12,New Quay,2019
2019-11-02,Saturday,5,2888490,2,November,11,Waterfront City,2019
2019-11-02,Saturday,93,2888491,2,November,8,Webb Bridge,2019
2019-11-02,Saturday,31,2888492,2,November,7,Birrarung Marr,2019
2019-11-02,Saturday,487,2888493,2,November,5,Princes Bridge,2019
2019-11-02,Saturday,745,2888494,2,November,6,Flinders Street Station Underpass,2019
2019-11-02,Saturday,13,2888495,2,November,14,Sandridge Bridge,2019
2019-11-02,Saturday,502,2888496,2,November,26,QV Market-Elizabeth St (West),2019
2019-11-02,Saturday,1135,2888497,2,November,24,Spencer St-Collins St (North),2019
2019-11-02,Saturday,215,2888498,2,November,23,Spencer St-Collins St (South),2019
2019-11-02,Saturday,622,2888499,2,November,25,Melbourne Convention Exhibition Centre,2019
2019-11-02,Saturday,195,2888500,2,November,21,Bourke St-Russell St (West),2019
2019-11-02,Saturday,84,2888501,2,November,20,Chinatown-Lt Bourke St (South),2019
2019-11-02,Saturday,149,2888502,2,November,19,Chinatown-Swanston St (North),2019
2019-11-02,Saturday,1151,2888503,2,November,22,Flinders St-Elizabeth St (East),2019
2019-11-02,Saturday,198,2888504,2,November,27,QV Market-Peel St,2019
2019-11-02,Saturday,330,2888505,2,November,28,The Arts Centre,2019
2019-11-02,Saturday,112,2888506,2,November,31,Lygon St (West),2019
2019-11-02,Saturday,281,2888507,2,November,30,Lonsdale St (South),2019
2019-11-02,Saturday,36,2888508,2,November,34,Flinders St-Spark La,2019
2019-11-02,Saturday,139,2888509,2,November,39,Alfred Place,2019
2019-11-02,Saturday,74,2888510,2,November,37,Lygon St (East),2019
2019-11-02,Saturday,151,2888511,2,November,40,Lonsdale St-Spring St (West),2019
2019-11-02,Saturday,135,2888512,2,November,36,Queen St (West),2019
2019-11-02,Saturday,92,2888513,2,November,29,St Kilda Rd-Alexandra Gardens,2019
2019-11-02,Saturday,84,2888514,2,November,42,Grattan St-Swanston St (West),2019
2019-11-02,Saturday,68,2888515,2,November,43,Monash Rd-Swanston St (West),2019
2019-11-02,Saturday,45,2888516,2,November,44,Tin Alley-Swanston St (West),2019
2019-11-02,Saturday,550,2888517,2,November,35,Southbank,2019
2019-11-02,Saturday,354,2888518,2,November,45,Little Collins St-Swanston St (East),2019
2019-11-02,Saturday,57,2888519,2,November,46,Pelham St (S),2019
2019-11-02,Saturday,538,2888520,2,November,47,Melbourne Central-Elizabeth St (East),2019
2019-11-02,Saturday,304,2888521,2,November,48,QVM-Queen St (East),2019
2019-11-02,Saturday,115,2888522,2,November,49,QVM-Therry St (South),2019
2019-11-02,Saturday,210,2888523,2,November,50,Faraday St-Lygon St (West),2019
2019-11-02,Saturday,108,2888524,2,November,51,QVM-Franklin St (North),2019
2019-11-02,Saturday,203,2888525,2,November,52,Elizabeth St-Lonsdale St (South),2019
2019-11-02,Saturday,105,2888526,2,November,54,Lincoln-Swanston(West),2019
2019-11-02,Saturday,654,2888527,2,November,55,Elizabeth St-La Trobe St (East),2019
2019-11-02,Saturday,222,2888528,2,November,56,Lonsdale St - Elizabeth St (North),2019
2019-11-02,Saturday,66,2888529,2,November,57,Bourke St Bridge,2019
2019-11-02,Saturday,442,2888530,2,November,58,Bourke St - Spencer St (North),2019
2019-11-02,Saturday,20,2888531,2,November,59,Swanston St - RMIT Building 80,2019
2019-11-02,Saturday,234,2888532,2,November,61,Swanston St - RMIT Building 14,2019
2019-11-02,Saturday,104,2888533,2,November,62,La Trobe St (North),2019
2019-11-02,Saturday,1145,2888534,2,November,4,Town Hall (West),2019
2019-11-02,Saturday,196,2888535,2,November,17,Collins Place (South),2019
2019-11-02,Saturday,91,2888536,2,November,18,Collins Place (North),2019
2019-11-02,Saturday,706,2888537,2,November,53,Collins St (North),2019
2019-11-02,Saturday,929,2888538,2,November,2,Bourke Street Mall (South),2019
2019-11-02,Saturday,1305,2888539,2,November,1,Bourke Street Mall (North),2019
2019-11-02,Saturday,602,2888540,2,November,3,Melbourne Central,2019
2019-11-02,Saturday,479,2888541,2,November,15,State Library,2019
2019-11-02,Saturday,85,2888542,2,November,9,Southern Cross Station,2019
2019-11-02,Saturday,49,2888543,2,November,10,Victoria Point,2019
2019-11-02,Saturday,49,2888544,2,November,12,New Quay,2019
2019-11-02,Saturday,10,2888545,2,November,11,Waterfront City,2019
2019-11-02,Saturday,81,2888546,2,November,8,Webb Bridge,2019
2019-11-02,Saturday,41,2888547,2,November,7,Birrarung Marr,2019
2019-11-02,Saturday,656,2888548,2,November,5,Princes Bridge,2019
2019-11-02,Saturday,964,2888549,2,November,6,Flinders Street Station Underpass,2019
2019-11-02,Saturday,12,2888550,2,November,14,Sandridge Bridge,2019
2019-11-02,Saturday,594,2888551,2,November,26,QV Market-Elizabeth St (West),2019
2019-11-02,Saturday,1657,2888552,2,November,24,Spencer St-Collins St (North),2019
2019-11-02,Saturday,230,2888553,2,November,23,Spencer St-Collins St (South),2019
2019-11-02,Saturday,680,2888554,2,November,25,Melbourne Convention Exhibition Centre,2019
2019-11-02,Saturday,304,2888555,2,November,21,Bourke St-Russell St (West),2019
2019-11-02,Saturday,132,2888556,2,November,20,Chinatown-Lt Bourke St (South),2019
2019-11-02,Saturday,310,2888557,2,November,19,Chinatown-Swanston St (North),2019
2019-11-02,Saturday,1362,2888558,2,November,22,Flinders St-Elizabeth St (East),2019
2019-11-02,Saturday,297,2888559,2,November,27,QV Market-Peel St,2019
2019-11-02,Saturday,500,2888560,2,November,28,The Arts Centre,2019
2019-11-02,Saturday,177,2888561,2,November,31,Lygon St (West),2019
2019-11-02,Saturday,400,2888562,2,November,30,Lonsdale St (South),2019
2019-11-02,Saturday,48,2888563,2,November,34,Flinders St-Spark La,2019
2019-11-02,Saturday,145,2888564,2,November,39,Alfred Place,2019
2019-11-02,Saturday,108,2888565,2,November,37,Lygon St (East),2019
2019-11-02,Saturday,179,2888566,2,November,40,Lonsdale St-Spring St (West),2019
2019-11-02,Saturday,159,2888567,2,November,36,Queen St (West),2019
2019-11-02,Saturday,120,2888568,2,November,29,St Kilda Rd-Alexandra Gardens,2019
2019-11-02,Saturday,85,2888569,2,November,42,Grattan St-Swanston St (West),2019
2019-11-02,Saturday,70,2888570,2,November,43,Monash Rd-Swanston St (West),2019
2019-11-02,Saturday,29,2888571,2,November,44,Tin Alley-Swanston St (West),2019
2019-11-02,Saturday,589,2888572,2,November,35,Southbank,2019
2019-11-02,Saturday,449,2888573,2,November,45,Little Collins St-Swanston St (East),2019
2019-11-02,Saturday,97,2888574,2,November,46,Pelham St (S),2019
2019-11-02,Saturday,712,2888575,2,November,47,Melbourne Central-Elizabeth St (East),2019
2019-11-02,Saturday,422,2888576,2,November,48,QVM-Queen St (East),2019
2019-11-02,Saturday,212,2888577,2,November,49,QVM-Therry St (South),2019
2019-11-02,Saturday,334,2888578,2,November,50,Faraday St-Lygon St (West),2019
2019-11-02,Saturday,142,2888579,2,November,51,QVM-Franklin St (North),2019
2019-11-02,Saturday,284,2888580,2,November,52,Elizabeth St-Lonsdale St (South),2019
2019-11-02,Saturday,175,2888581,2,November,54,Lincoln-Swanston(West),2019
2019-11-02,Saturday,826,2888582,2,November,55,Elizabeth St-La Trobe St (East),2019
2019-11-02,Saturday,333,2888583,2,November,56,Lonsdale St - Elizabeth St (North),2019
2019-11-02,Saturday,102,2888584,2,November,57,Bourke St Bridge,2019
2019-11-02,Saturday,698,2888585,2,November,58,Bourke St - Spencer St (North),2019
2019-11-02,Saturday,38,2888586,2,November,59,Swanston St - RMIT Building 80,2019
2019-11-02,Saturday,392,2888587,2,November,61,Swanston St - RMIT Building 14,2019
2019-11-02,Saturday,145,2888588,2,November,62,La Trobe St (North),2019
2019-11-02,Saturday,1364,2888589,2,November,4,Town Hall (West),2019
2019-11-02,Saturday,216,2888590,2,November,17,Collins Place (South),2019
2019-11-02,Saturday,114,2888591,2,November,18,Collins Place (North),2019
2019-11-02,Saturday,1007,2888592,2,November,53,Collins St (North),2019
2019-11-02,Saturday,1259,2888593,2,November,2,Bourke Street Mall (South),2019
2019-11-02,Saturday,1845,2888594,2,November,1,Bourke Street Mall (North),2019
2019-11-02,Saturday,786,2888595,2,November,3,Melbourne Central,2019
2019-11-02,Saturday,566,2888596,2,November,15,State Library,2019
2019-11-02,Saturday,81,2888597,2,November,9,Southern Cross Station,2019
2019-11-02,Saturday,78,2888598,2,November,10,Victoria Point,2019
2019-11-02,Saturday,23,2888599,2,November,12,New Quay,2019
2019-11-02,Saturday,5,2888600,2,November,11,Waterfront City,2019
2019-11-02,Saturday,97,2888601,2,November,8,Webb Bridge,2019
2019-11-02,Saturday,48,2888602,2,November,7,Birrarung Marr,2019
2019-11-02,Saturday,1052,2888603,2,November,5,Princes Bridge,2019
2019-11-02,Saturday,1075,2888604,2,November,6,Flinders Street Station Underpass,2019
2019-11-02,Saturday,15,2888605,2,November,14,Sandridge Bridge,2019
2019-11-02,Saturday,751,2888606,2,November,26,QV Market-Elizabeth St (West),2019
2019-11-02,Saturday,1535,2888607,2,November,24,Spencer St-Collins St (North),2019
2019-11-02,Saturday,197,2888608,2,November,23,Spencer St-Collins St (South),2019
2019-11-02,Saturday,697,2888609,2,November,25,Melbourne Convention Exhibition Centre,2019
2019-11-02,Saturday,420,2888610,2,November,21,Bourke St-Russell St (West),2019
2019-11-02,Saturday,308,2888611,2,November,20,Chinatown-Lt Bourke St (South),2019
2019-11-02,Saturday,562,2888612,2,November,19,Chinatown-Swanston St (North),2019
2019-11-02,Saturday,1610,2888613,2,November,22,Flinders St-Elizabeth St (East),2019
2019-11-02,Saturday,327,2888614,2,November,27,QV Market-Peel St,2019
2019-11-02,Saturday,817,2888615,2,November,28,The Arts Centre,2019
2019-11-02,Saturday,131,2888616,2,November,31,Lygon St (West),2019
2019-11-02,Saturday,478,2888617,2,November,30,Lonsdale St (South),2019
2019-11-02,Saturday,50,2888618,2,November,34,Flinders St-Spark La,2019
2019-11-02,Saturday,128,2888619,2,November,39,Alfred Place,2019
2019-11-02,Saturday,112,2888620,2,November,37,Lygon St (East),2019
2019-11-02,Saturday,304,2888621,2,November,40,Lonsdale St-Spring St (West),2019
2019-11-02,Saturday,145,2888622,2,November,36,Queen St (West),2019
